Workbook

Sheet README
A1: AI PMO / Product Ops Automation Layer — Template
A3: Qué es
A4: Un 'automation layer' para PMO / Product Ops: ingiere updates, normaliza iniciativas, calcula riesgo y priorización, y genera un paquete semanal para comité.
A5: Está diseñado para funcionar con reglas + IA (prompts listos). El objetivo: menos reporte manual, más claridad y decisiones más rápidas.
A7: Cómo usar (2 minutos)
A8: 1) Pega actualizaciones en INBOX (puede venir de Jira/Asana/Notion/email).
A9: 2) Mantén el catálogo de iniciativas en NORMALIZED (1 fila por iniciativa).
A10: 3) Revisa RISK_ENGINE y PRIORITIZATION: el modelo calcula RAG, risk score, WSJF/RICE y cola de decisiones.
A11: 4) Abre COMMITTEE_PACK: tendrás Top prioridades, bloqueos, decisiones requeridas y narrativa sugerida.
A12: 5) Si quieres IA real: copia el PROMPT_PACK y pega en ChatGPT con el texto del INBOX (anonimizado).
A15: Integración recomendada (realista)
A16: • Fuente: Jira/Asana → export CSV semanal (o automatización) → pegar en INBOX.
... A18: • Output: COMMITTEE_PACK se pega en PPT/Doc para comité.

Sheet CONFIG
A1: CONFIG — Lists, Weights, Thresholds
A3: Controles principales
A4: Parámetro | B4: Valor | C4: Comentario
A5: Semana / comité (fecha) | B5: 2026-02-23 | C5: Fecha del comité semanal
A6: Owner default | B6: PMO / Product Ops | C6: Rol dueño por defecto
A7: RAG thresholds (risk score) | B7: 0-34=GREEN; 35-64=AMBER; 65+=RED | C7: Cortes para semáforo
A8: WSJF weights (BV, TC, RR, JS) | B8: 1.0 / 1.0 / 1.0 / 1.0 | C8: Pesos para WSJF
A9: RICE weights (I, C, E) | B9: 1.0 / 1.0 / 1.0 | C9: Pesos para RICE
A10: Min. score para ir a comité | B10: 70 | C10: Filtro de prioridades
A12: Listas maestras
A13: Tipo | B13: Valor
A14: Status | B14: Discovery
A15: Status | B15: Build
A16: Status | B16: Test
A17: Status | B17: Launch
A18: Status | B18: Hold
A19: Stage | B19: Idea
A20: Stage | B20: MVP
A21: Stage | B21: Scale
A22: Stage | B22: Run
A23: Domain | B23: Producto
A24: Domain | B24: Operaciones
... A30: DecisionType | B30: Resourcing

Sheet INBOX
A1: INBOX — Raw Updates (paste from Jira/Asana/Emails)
A3: Date | B3: Source | C3: Initiative_ID | D3: Initiative_Name | E3: Owner | F3: Update_Text | G3: Link | H3: Tags | I3: Needs_Decision? | J3: Raw_Signal (keywords) | K3: Blocked_Flag | L3: Delay_Flag | M3: Scope_Flag | N3: Budget_Flag
A4: 2026-02-20 | B4: Jira | C4: INIT-001 | D4: Iniciativa A (anon) | E4: PM 1 | F4: Bloqueado por dependencia de Data. Necesita decisión de prioridad y recursos. | H4: bloqueo;datos | I4: YES | J4: blocked;dependency | K4: 0 | L4: 0 | M4: 0 | N4: 0
A5: 2026-02-20 | B5: Email | C5: INIT-003 | D5: Iniciativa C (anon) | E5: PM 2 | F5: Avance 70%. Riesgo: proveedor atrasado 2 semanas. Mitigación propuesta. | H5: riesgo;proveedor | I5: NO | J5: risk;delay | K5: 0 | L5: 0 | M5: 0 | N5: 0
A6: 2026-02-19 | B6: Asana | C6: INIT-002 | D6: Iniciativa B (anon) | E6: PM 3 | F6: Scope cambió. Estimación sube +15%. Se requiere aprobación de comité. | H6: scope;cost | I6: YES | J6: scope;budget | K6: 0 | L6: 0 | M6: 0 | N6: 0
K7: 0 | L7: 0 | M7: 0 | N7: 0
K8: 0 | L8: 0 | M8: 0 | N8: 0
K9: 0 | L9: 0 | M9: 0 | N9: 0
K10: 0 | L10: 0 | M10: 0 | N10: 0
K11: 0 | L11: 0 | M11: 0 | N11: 0
K12: 0 | L12: 0 | M12: 0 | N12: 0
K13: 0 | L13: 0 | M13: 0 | N13: 0
K14: 0 | L14: 0 | M14: 0 | N14: 0
K15: 0 | L15: 0 | M15: 0 | N15: 0
K16: 0 | L16: 0 | M16: 0 | N16: 0
K17: 0 | L17: 0 | M17: 0 | N17: 0
K18: 0 | L18: 0 | M18: 0 | N18: 0
... K60: 0 | L60: 0 | M60: 0 | N60: 0

Sheet NORMALIZED
A1: NORMALIZED — Initiatives & Status (single source of truth)
A3: Initiative_ID | B3: Initiative_Name | C3: Domain | D3: Stage | E3: Status | F3: Owner | G3: Start | H3: Target | I3: Progress_% | J3: Impact (1-10) | K3: Confidence (0-1) | L3: Effort (1-10) | M3: BV (1-10) | N3: TC (1-10) | O3: RR (1-10) | P3: JS (1-10) | Q3: Decisions_Required | R3: Primary_Blocker | S3: Last_Update_Date | T3: Last_Update_Summary
A4: INIT-001 | B4: Iniciativa A (anon) | C4: Datos/IA | D4: MVP | E4: Build | F4: PM 1 | G4: 2026-01-15 | H4: 2026-03-30 | I4: 0.35 | J4: 8 | K4: 0.7 | L4: 6 | M4: 8 | N4: 7 | O4: 6 | P4: 5 | Q4: Prioridad;Resourcing | R4: Dependencia Data Team
A5: INIT-002 | B5: Iniciativa B (anon) | C5: Producto | D5: Scale | E5: Test | F5: PM 3 | G5: 2026-01-05 | H5: 2026-02-28 | I5: 0.7 | J5: 7 | K5: 0.65 | L5: 5 | M5: 7 | N5: 6 | O5: 5 | P5: 4 | Q5: Scope approval | R5: Scope cambió (+15% costo)
A6: INIT-003 | B6: Iniciativa C (anon) | C6: Operaciones | D6: MVP | E6: Build | F6: PM 2 | G6: 2026-02-01 | H6: 2026-04-15 | I6: 0.55 | J6: 6 | K6: 0.6 | L6: 7 | M6: 6 | N6: 5 | O6: 4 | P6: 6 | R6: Proveedor atrasado 2 semanas

Sheet RISK_ENGINE
A1: RISK_ENGINE — Risk register + scoring rules
A3: Initiative_ID | B3: Name | C3: Owner | D3: Status | E3: Target | F3: Progress_% | G3: Blocked | H3: Delay | I3: Scope | J3: Budget | K3: Overdue | L3: LowConf | M3: Risk_Score | N3: RAG | O3: Key_Risk_Note
A4: =IFERROR(NORMALIZED!A4,"") | B4: =IF(A4="","",NORMALIZED!B4) | C4: =IF(A4="","",NORMALIZED!F4) | D4: =IF(A4="","",NORMALIZED!E4) | E4: =IF(A4="","",NORMALIZED!H4) | F4: =IF(A4="","",NORMALIZED!I4) | G4: =IF(A4="","",--(COUNTIFS(INBOX!$C$4:$C$200,A4,INBOX!$K$4:$K$200,1)>0)) | H4: =IF(A4="","",--(COUNTIFS(INBOX!$C$4:$C$200,A4,INBOX!$L$4:$L$200,1)>0)) | I4: =IF(A4="","",--(COUNTIFS(INBOX!$C$4:$C$200,A4,INBOX!$M$4:$M$200,1)>0)) | J4: =IF(A4="","",--(COUNTIFS(INBOX!$C$4:$C$200,A4,INBOX!$N$4:$N$200,1)>0)) | K4: =IF(A4="","",--(AND(TODAY()>E4,F4<1))) | L4: =IF(A4="","",--(NORMALIZED!K4<0.6)) | M4: =IF(A4="","",(25*G4)+(20*H4)+(15*I4)+(15*J4)+(15*K4)+(10*L4)) | N4: =IF(A4="","",IF(M4>=65,"RED",IF(M4>=35,"AMBER","GREEN"))) | O4: =IF(A4="","",""&NORMALIZED!R4)
A5: =IFERROR(NORMALIZED!A5,"") | B5: =IF(A5="","",NORMALIZED!B5) | C5: =IF(A5="","",NORMALIZED!F5) | D5: =IF(A5="","",NORMALIZED!E5) | E5: =IF(A5="","",NORMALIZED!H5) | F5: =IF(A5="","",NORMALIZED!I5) | G5: =IF(A5="","",--(COUNTIFS(INBOX!$C$4:$C$200,A5,INBOX!$K$4:$K$200,1)>0)) | H5: =IF(A5="","",--(COUNTIFS(INBOX!$C$4:$C$200,A5,INBOX!$L$4:$L$200,1)>0)) | I5: =IF(A5="","",--(COUNTIFS(INBOX!$C$4:$C$200,A5,INBOX!$M$4:$M$200,1)>0)) | J5: =IF(A5="","",--(COUNTIFS(INBOX!$C$4:$C$200,A5,INBOX!$N$4:$N$200,1)>0)) | K5: =IF(A5="","",--(AND(TODAY()>E5,F5<1))) | L5: =IF(A5="","",--(NORMALIZED!K5<0.6)) | M5: =IF(A5="","",(25*G5)+(20*H5)+(15*I5)+(15*J5)+(15*K5)+(10*L5)) | N5: =IF(A5="","",IF(M5>=65,"RED",IF(M5>=35,"AMBER","GREEN"))) | O5: =IF(A5="","",""&NORMALIZED!R5)
A6: =IFERROR(NORMALIZED!A6,"") | B6: =IF(A6="","",NORMALIZED!B6) | C6: =IF(A6="","",NORMALIZED!F6) | D6: =IF(A6="","",NORMALIZED!E6) | E6: =IF(A6="","",NORMALIZED!H6) | F6: =IF(A6="","",NORMALIZED!I6) | G6: =IF(A6="","",--(COUNTIFS(INBOX!$C$4:$C$200,A6,INBOX!$K$4:$K$200,1)>0)) | H6: =IF(A6="","",--(COUNTIFS(INBOX!$C$4:$C$200,A6,INBOX!$L$4:$L$200,1)>0)) | I6: =IF(A6="","",--(COUNTIFS(INBOX!$C$4:$C$200,A6,INBOX!$M$4:$M$200,1)>0)) | J6: =IF(A6="","",--(COUNTIFS(INBOX!$C$4:$C$200,A6,INBOX!$N$4:$N$200,1)>0)) | K6: =IF(A6="","",--(AND(TODAY()>E6,F6<1))) | L6: =IF(A6="","",--(NORMALIZED!K6<0.6)) | M6: =IF(A6="","",(25*G6)+(20*H6)+(15*I6)+(15*J6)+(15*K6)+(10*L6)) | N6: =IF(A6="","",IF(M6>=65,"RED",IF(M6>=35,"AMBER","GREEN"))) | O6: =IF(A6="","",""&NORMALIZED!R6)
A7: =IFERROR(NORMALIZED!A7,"") | B7: =IF(A7="","",NORMALIZED!B7) | C7: =IF(A7="","",NORMALIZED!F7) | D7: =IF(A7="","",NORMALIZED!E7) | E7: =IF(A7="","",NORMALIZED!H7) | F7: =IF(A7="","",NORMALIZED!I7) | G7: =IF(A7="","",--(COUNTIFS(INBOX!$C$4:$C$200,A7,INBOX!$K$4:$K$200,1)>0)) | H7: =IF(A7="","",--(COUNTIFS(INBOX!$C$4:$C$200,A7,INBOX!$L$4:$L$200,1)>0)) | I7: =IF(A7="","",--(COUNTIFS(INBOX!$C$4:$C$200,A7,INBOX!$M$4:$M$200,1)>0)) | J7: =IF(A7="","",--(COUNTIFS(INBOX!$C$4:$C$200,A7,INBOX!$N$4:$N$200,1)>0)) | K7: =IF(A7="","",--(AND(TODAY()>E7,F7<1))) | L7: =IF(A7="","",--(NORMALIZED!K7<0.6)) | M7: =IF(A7="","",(25*G7)+(20*H7)+(15*I7)+(15*J7)+(15*K7)+(10*L7)) | N7: =IF(A7="","",IF(M7>=65,"RED",IF(M7>=35,"AMBER","GREEN"))) | O7: =IF(A7="","",""&NORMALIZED!R7)
A8: =IFERROR(NORMALIZED!A8,"") | B8: =IF(A8="","",NORMALIZED!B8) | C8: =IF(A8="","",NORMALIZED!F8) | D8: =IF(A8="","",NORMALIZED!E8) | E8: =IF(A8="","",NORMALIZED!H8) | F8: =IF(A8="","",NORMALIZED!I8) | G8: =IF(A8="","",--(COUNTIFS(INBOX!$C$4:$C$200,A8,INBOX!$K$4:$K$200,1)>0)) | H8: =IF(A8="","",--(COUNTIFS(INBOX!$C$4:$C$200,A8,INBOX!$L$4:$L$200,1)>0)) | I8: =IF(A8="","",--(COUNTIFS(INBOX!$C$4:$C$200,A8,INBOX!$M$4:$M$200,1)>0)) | J8: =IF(A8="","",--(COUNTIFS(INBOX!$C$4:$C$200,A8,INBOX!$N$4:$N$200,1)>0)) | K8: =IF(A8="","",--(AND(TODAY()>E8,F8<1))) | L8: =IF(A8="","",--(NORMALIZED!K8<0.6)) | M8: =IF(A8="","",(25*G8)+(20*H8)+(15*I8)+(15*J8)+(15*K8)+(10*L8)) | N8: =IF(A8="","",IF(M8>=65,"RED",IF(M8>=35,"AMBER","GREEN"))) | O8: =IF(A8="","",""&NORMALIZED!R8)
A9: =IFERROR(NORMALIZED!A9,"") | B9: =IF(A9="","",NORMALIZED!B9) | C9: =IF(A9="","",NORMALIZED!F9) | D9: =IF(A9="","",NORMALIZED!E9) | E9: =IF(A9="","",NORMALIZED!H9) | F9: =IF(A9="","",NORMALIZED!I9) | G9: =IF(A9="","",--(COUNTIFS(INBOX!$C$4:$C$200,A9,INBOX!$K$4:$K$200,1)>0)) | H9: =IF(A9="","",--(COUNTIFS(INBOX!$C$4:$C$200,A9,INBOX!$L$4:$L$200,1)>0)) | I9: =IF(A9="","",--(COUNTIFS(INBOX!$C$4:$C$200,A9,INBOX!$M$4:$M$200,1)>0)) | J9: =IF(A9="","",--(COUNTIFS(INBOX!$C$4:$C$200,A9,INBOX!$N$4:$N$200,1)>0)) | K9: =IF(A9="","",--(AND(TODAY()>E9,F9<1))) | L9: =IF(A9="","",--(NORMALIZED!K9<0.6)) | M9: =IF(A9="","",(25*G9)+(20*H9)+(15*I9)+(15*J9)+(15*K9)+(10*L9)) | N9: =IF(A9="","",IF(M9>=65,"RED",IF(M9>=35,"AMBER","GREEN"))) | O9: =IF(A9="","",""&NORMALIZED!R9)
A10: =IFERROR(NORMALIZED!A10,"") | B10: =IF(A10="","",NORMALIZED!B10) | C10: =IF(A10="","",NORMALIZED!F10) | D10: =IF(A10="","",NORMALIZED!E10) | E10: =IF(A10="","",NORMALIZED!H10) | F10: =IF(A10="","",NORMALIZED!I10) | G10: =IF(A10="","",--(COUNTIFS(INBOX!$C$4:$C$200,A10,INBOX!$K$4:$K$200,1)>0)) | H10: =IF(A10="","",--(COUNTIFS(INBOX!$C$4:$C$200,A10,INBOX!$L$4:$L$200,1)>0)) | I10: =IF(A10="","",--(COUNTIFS(INBOX!$C$4:$C$200,A10,INBOX!$M$4:$M$200,1)>0)) | J10: =IF(A10="","",--(COUNTIFS(INBOX!$C$4:$C$200,A10,INBOX!$N$4:$N$200,1)>0)) | K10: =IF(A10="","",--(AND(TODAY()>E10,F10<1))) | L10: =IF(A10="","",--(NORMALIZED!K10<0.6)) | M10: =IF(A10="","",(25*G10)+(20*H10)+(15*I10)+(15*J10)+(15*K10)+(10*L10)) | N10: =IF(A10="","",IF(M10>=65,"RED",IF(M10>=35,"AMBER","GREEN"))) | O10: =IF(A10="","",""&NORMALIZED!R10)
A11: =IFERROR(NORMALIZED!A11,"") | B11: =IF(A11="","",NORMALIZED!B11) | C11: =IF(A11="","",NORMALIZED!F11) | D11: =IF(A11="","",NORMALIZED!E11) | E11: =IF(A11="","",NORMALIZED!H11) | F11: =IF(A11="","",NORMALIZED!I11) | G11: =IF(A11="","",--(COUNTIFS(INBOX!$C$4:$C$200,A11,INBOX!$K$4:$K$200,1)>0)) | H11: =IF(A11="","",--(COUNTIFS(INBOX!$C$4:$C$200,A11,INBOX!$L$4:$L$200,1)>0)) | I11: =IF(A11="","",--(COUNTIFS(INBOX!$C$4:$C$200,A11,INBOX!$M$4:$M$200,1)>0)) | J11: =IF(A11="","",--(COUNTIFS(INBOX!$C$4:$C$200,A11,INBOX!$N$4:$N$200,1)>0)) | K11: =IF(A11="","",--(AND(TODAY()>E11,F11<1))) | L11: =IF(A11="","",--(NORMALIZED!K11<0.6)) | M11: =IF(A11="","",(25*G11)+(20*H11)+(15*I11)+(15*J11)+(15*K11)+(10*L11)) | N11: =IF(A11="","",IF(M11>=65,"RED",IF(M11>=35,"AMBER","GREEN"))) | O11: =IF(A11="","",""&NORMALIZED!R11)
A12: =IFERROR(NORMALIZED!A12,"") | B12: =IF(A12="","",NORMALIZED!B12) | C12: =IF(A12="","",NORMALIZED!F12) | D12: =IF(A12="","",NORMALIZED!E12) | E12: =IF(A12="","",NORMALIZED!H12) | F12: =IF(A12="","",NORMALIZED!I12) | G12: =IF(A12="","",--(COUNTIFS(INBOX!$C$4:$C$200,A12,INBOX!$K$4:$K$200,1)>0)) | H12: =IF(A12="","",--(COUNTIFS(INBOX!$C$4:$C$200,A12,INBOX!$L$4:$L$200,1)>0)) | I12: =IF(A12="","",--(COUNTIFS(INBOX!$C$4:$C$200,A12,INBOX!$M$4:$M$200,1)>0)) | J12: =IF(A12="","",--(COUNTIFS(INBOX!$C$4:$C$200,A12,INBOX!$N$4:$N$200,1)>0)) | K12: =IF(A12="","",--(AND(TODAY()>E12,F12<1))) | L12: =IF(A12="","",--(NORMALIZED!K12<0.6)) | M12: =IF(A12="","",(25*G12)+(20*H12)+(15*I12)+(15*J12)+(15*K12)+(10*L12)) | N12: =IF(A12="","",IF(M12>=65,"RED",IF(M12>=35,"AMBER","GREEN"))) | O12: =IF(A12="","",""&NORMALIZED!R12)
A13: =IFERROR(NORMALIZED!A13,"") | B13: =IF(A13="","",NORMALIZED!B13) | C13: =IF(A13="","",NORMALIZED!F13) | D13: =IF(A13="","",NORMALIZED!E13) | E13: =IF(A13="","",NORMALIZED!H13) | F13: =IF(A13="","",NORMALIZED!I13) | G13: =IF(A13="","",--(COUNTIFS(INBOX!$C$4:$C$200,A13,INBOX!$K$4:$K$200,1)>0)) | H13: =IF(A13="","",--(COUNTIFS(INBOX!$C$4:$C$200,A13,INBOX!$L$4:$L$200,1)>0)) | I13: =IF(A13="","",--(COUNTIFS(INBOX!$C$4:$C$200,A13,INBOX!$M$4:$M$200,1)>0)) | J13: =IF(A13="","",--(COUNTIFS(INBOX!$C$4:$C$200,A13,INBOX!$N$4:$N$200,1)>0)) | K13: =IF(A13="","",--(AND(TODAY()>E13,F13<1))) | L13: =IF(A13="","",--(NORMALIZED!K13<0.6)) | M13: =IF(A13="","",(25*G13)+(20*H13)+(15*I13)+(15*J13)+(15*K13)+(10*L13)) | N13: =IF(A13="","",IF(M13>=65,"RED",IF(M13>=35,"AMBER","GREEN"))) | O13: =IF(A13="","",""&NORMALIZED!R13)
A14: =IFERROR(NORMALIZED!A14,"") | B14: =IF(A14="","",NORMALIZED!B14) | C14: =IF(A14="","",NORMALIZED!F14) | D14: =IF(A14="","",NORMALIZED!E14) | E14: =IF(A14="","",NORMALIZED!H14) | F14: =IF(A14="","",NORMALIZED!I14) | G14: =IF(A14="","",--(COUNTIFS(INBOX!$C$4:$C$200,A14,INBOX!$K$4:$K$200,1)>0)) | H14: =IF(A14="","",--(COUNTIFS(INBOX!$C$4:$C$200,A14,INBOX!$L$4:$L$200,1)>0)) | I14: =IF(A14="","",--(COUNTIFS(INBOX!$C$4:$C$200,A14,INBOX!$M$4:$M$200,1)>0)) | J14: =IF(A14="","",--(COUNTIFS(INBOX!$C$4:$C$200,A14,INBOX!$N$4:$N$200,1)>0)) | K14: =IF(A14="","",--(AND(TODAY()>E14,F14<1))) | L14: =IF(A14="","",--(NORMALIZED!K14<0.6)) | M14: =IF(A14="","",(25*G14)+(20*H14)+(15*I14)+(15*J14)+(15*K14)+(10*L14)) | N14: =IF(A14="","",IF(M14>=65,"RED",IF(M14>=35,"AMBER","GREEN"))) | O14: =IF(A14="","",""&NORMALIZED!R14)
A15: =IFERROR(NORMALIZED!A15,"") | B15: =IF(A15="","",NORMALIZED!B15) | C15: =IF(A15="","",NORMALIZED!F15) | D15: =IF(A15="","",NORMALIZED!E15) | E15: =IF(A15="","",NORMALIZED!H15) | F15: =IF(A15="","",NORMALIZED!I15) | G15: =IF(A15="","",--(COUNTIFS(INBOX!$C$4:$C$200,A15,INBOX!$K$4:$K$200,1)>0)) | H15: =IF(A15="","",--(COUNTIFS(INBOX!$C$4:$C$200,A15,INBOX!$L$4:$L$200,1)>0)) | I15: =IF(A15="","",--(COUNTIFS(INBOX!$C$4:$C$200,A15,INBOX!$M$4:$M$200,1)>0)) | J15: =IF(A15="","",--(COUNTIFS(INBOX!$C$4:$C$200,A15,INBOX!$N$4:$N$200,1)>0)) | K15: =IF(A15="","",--(AND(TODAY()>E15,F15<1))) | L15: =IF(A15="","",--(NORMALIZED!K15<0.6)) | M15: =IF(A15="","",(25*G15)+(20*H15)+(15*I15)+(15*J15)+(15*K15)+(10*L15)) | N15: =IF(A15="","",IF(M15>=65,"RED",IF(M15>=35,"AMBER","GREEN"))) | O15: =IF(A15="","",""&NORMALIZED!R15)
... A60: =IFERROR(NORMALIZED!A60,"") | B60: =IF(A60="","",NORMALIZED!B60) | C60: =IF(A60="","",NORMALIZED!F60) | D60: =IF(A60="","",NORMALIZED!E60) | E60: =IF(A60="","",NORMALIZED!H60) | F60: =IF(A60="","",NORMALIZED!I60) | G60: =IF(A60="","",--(COUNTIFS(INBOX!$C$4:$C$200,A60,INBOX!$K$4:$K$200,1)>0)) | H60: =IF(A60="","",--(COUNTIFS(INBOX!$C$4:$C$200,A60,INBOX!$L$4:$L$200,1)>0)) | I60: =IF(A60="","",--(COUNTIFS(INBOX!$C$4:$C$200,A60,INBOX!$M$4:$M$200,1)>0)) | J60: =IF(A60="","",--(COUNTIFS(INBOX!$C$4:$C$200,A60,INBOX!$N$4:$N$200,1)>0)) | K60: =IF(A60="","",--(AND(TODAY()>E60,F60<1))) | L60: =IF(A60="","",--(NORMALIZED!K60<0.6)) | M60: =IF(A60="","",(25*G60)+(20*H60)+(15*I60)+(15*J60)+(15*K60)+(10*L60)) | N60: =IF(A60="","",IF(M60>=65,"RED",IF(M60>=35,"AMBER","GREEN"))) | O60: =IF(A60="","",""&NORMALIZED!R60)

Sheet PRIORITIZATION
A1: PRIORITIZATION — WSJF / RICE + Decision Queue
A3: Initiative_ID | B3: Name | C3: Domain | D3: Owner | E3: Status | F3: Impact | G3: Confidence | H3: Effort | I3: RICE | J3: BV | K3: TC | L3: RR | M3: JS | N3: WSJF | O3: Risk_Score | P3: Priority_Score | Q3: Rank | R3: Decision_Required | S3: Next_Action
A4: =IFERROR(NORMALIZED!A4,"") | B4: =IF(A4="","",NORMALIZED!B4) | C4: =IF(A4="","",NORMALIZED!C4) | D4: =IF(A4="","",NORMALIZED!F4) | E4: =IF(A4="","",NORMALIZED!E4) | F4: =IF(A4="","",NORMALIZED!J4) | G4: =IF(A4="","",NORMALIZED!K4) | H4: =IF(A4="","",NORMALIZED!L4) | I4: =IF(A4="","",(F4*G4)/MAX(1,H4)) | J4: =IF(A4="","",NORMALIZED!M4) | K4: =IF(A4="","",NORMALIZED!N4) | L4: =IF(A4="","",NORMALIZED!O4) | M4: =IF(A4="","",NORMALIZED!P4) | N4: =IF(A4="","",(J4+K4+L4)/MAX(1,M4)) | O4: =IF(A4="","",RISK_ENGINE!M4) | P4: =IF(A4="","",(60*I4)+(40*N4)-(0.5*O4)) | Q4: =IF(A4="","",RANK.EQ(P4,$P$4:$P$200,0)) | R4: =IF(A4="","",NORMALIZED!Q4) | S4: =IF(A4="","","Owner: "&D4&" | "&NORMALIZED!T4)
A5: =IFERROR(NORMALIZED!A5,"") | B5: =IF(A5="","",NORMALIZED!B5) | C5: =IF(A5="","",NORMALIZED!C5) | D5: =IF(A5="","",NORMALIZED!F5) | E5: =IF(A5="","",NORMALIZED!E5) | F5: =IF(A5="","",NORMALIZED!J5) | G5: =IF(A5="","",NORMALIZED!K5) | H5: =IF(A5="","",NORMALIZED!L5) | I5: =IF(A5="","",(F5*G5)/MAX(1,H5)) | J5: =IF(A5="","",NORMALIZED!M5) | K5: =IF(A5="","",NORMALIZED!N5) | L5: =IF(A5="","",NORMALIZED!O5) | M5: =IF(A5="","",NORMALIZED!P5) | N5: =IF(A5="","",(J5+K5+L5)/MAX(1,M5)) | O5: =IF(A5="","",RISK_ENGINE!M5) | P5: =IF(A5="","",(60*I5)+(40*N5)-(0.5*O5)) | Q5: =IF(A5="","",RANK.EQ(P5,$P$4:$P$200,0)) | R5: =IF(A5="","",NORMALIZED!Q5) | S5: =IF(A5="","","Owner: "&D5&" | "&NORMALIZED!T5)
A6: =IFERROR(NORMALIZED!A6,"") | B6: =IF(A6="","",NORMALIZED!B6) | C6: =IF(A6="","",NORMALIZED!C6) | D6: =IF(A6="","",NORMALIZED!F6) | E6: =IF(A6="","",NORMALIZED!E6) | F6: =IF(A6="","",NORMALIZED!J6) | G6: =IF(A6="","",NORMALIZED!K6) | H6: =IF(A6="","",NORMALIZED!L6) | I6: =IF(A6="","",(F6*G6)/MAX(1,H6)) | J6: =IF(A6="","",NORMALIZED!M6) | K6: =IF(A6="","",NORMALIZED!N6) | L6: =IF(A6="","",NORMALIZED!O6) | M6: =IF(A6="","",NORMALIZED!P6) | N6: =IF(A6="","",(J6+K6+L6)/MAX(1,M6)) | O6: =IF(A6="","",RISK_ENGINE!M6) | P6: =IF(A6="","",(60*I6)+(40*N6)-(0.5*O6)) | Q6: =IF(A6="","",RANK.EQ(P6,$P$4:$P$200,0)) | R6: =IF(A6="","",NORMALIZED!Q6) | S6: =IF(A6="","","Owner: "&D6&" | "&NORMALIZED!T6)
A7: =IFERROR(NORMALIZED!A7,"") | B7: =IF(A7="","",NORMALIZED!B7) | C7: =IF(A7="","",NORMALIZED!C7) | D7: =IF(A7="","",NORMALIZED!F7) | E7: =IF(A7="","",NORMALIZED!E7) | F7: =IF(A7="","",NORMALIZED!J7) | G7: =IF(A7="","",NORMALIZED!K7) | H7: =IF(A7="","",NORMALIZED!L7) | I7: =IF(A7="","",(F7*G7)/MAX(1,H7)) | J7: =IF(A7="","",NORMALIZED!M7) | K7: =IF(A7="","",NORMALIZED!N7) | L7: =IF(A7="","",NORMALIZED!O7) | M7: =IF(A7="","",NORMALIZED!P7) | N7: =IF(A7="","",(J7+K7+L7)/MAX(1,M7)) | O7: =IF(A7="","",RISK_ENGINE!M7) | P7: =IF(A7="","",(60*I7)+(40*N7)-(0.5*O7)) | Q7: =IF(A7="","",RANK.EQ(P7,$P$4:$P$200,0)) | R7: =IF(A7="","",NORMALIZED!Q7) | S7: =IF(A7="","","Owner: "&D7&" | "&NORMALIZED!T7)
A8: =IFERROR(NORMALIZED!A8,"") | B8: =IF(A8="","",NORMALIZED!B8) | C8: =IF(A8="","",NORMALIZED!C8) | D8: =IF(A8="","",NORMALIZED!F8) | E8: =IF(A8="","",NORMALIZED!E8) | F8: =IF(A8="","",NORMALIZED!J8) | G8: =IF(A8="","",NORMALIZED!K8) | H8: =IF(A8="","",NORMALIZED!L8) | I8: =IF(A8="","",(F8*G8)/MAX(1,H8)) | J8: =IF(A8="","",NORMALIZED!M8) | K8: =IF(A8="","",NORMALIZED!N8) | L8: =IF(A8="","",NORMALIZED!O8) | M8: =IF(A8="","",NORMALIZED!P8) | N8: =IF(A8="","",(J8+K8+L8)/MAX(1,M8)) | O8: =IF(A8="","",RISK_ENGINE!M8) | P8: =IF(A8="","",(60*I8)+(40*N8)-(0.5*O8)) | Q8: =IF(A8="","",RANK.EQ(P8,$P$4:$P$200,0)) | R8: =IF(A8="","",NORMALIZED!Q8) | S8: =IF(A8="","","Owner: "&D8&" | "&NORMALIZED!T8)
A9: =IFERROR(NORMALIZED!A9,"") | B9: =IF(A9="","",NORMALIZED!B9) | C9: =IF(A9="","",NORMALIZED!C9) | D9: =IF(A9="","",NORMALIZED!F9) | E9: =IF(A9="","",NORMALIZED!E9) | F9: =IF(A9="","",NORMALIZED!J9) | G9: =IF(A9="","",NORMALIZED!K9) | H9: =IF(A9="","",NORMALIZED!L9) | I9: =IF(A9="","",(F9*G9)/MAX(1,H9)) | J9: =IF(A9="","",NORMALIZED!M9) | K9: =IF(A9="","",NORMALIZED!N9) | L9: =IF(A9="","",NORMALIZED!O9) | M9: =IF(A9="","",NORMALIZED!P9) | N9: =IF(A9="","",(J9+K9+L9)/MAX(1,M9)) | O9: =IF(A9="","",RISK_ENGINE!M9) | P9: =IF(A9="","",(60*I9)+(40*N9)-(0.5*O9)) | Q9: =IF(A9="","",RANK.EQ(P9,$P$4:$P$200,0)) | R9: =IF(A9="","",NORMALIZED!Q9) | S9: =IF(A9="","","Owner: "&D9&" | "&NORMALIZED!T9)
A10: =IFERROR(NORMALIZED!A10,"") | B10: =IF(A10="","",NORMALIZED!B10) | C10: =IF(A10="","",NORMALIZED!C10) | D10: =IF(A10="","",NORMALIZED!F10) | E10: =IF(A10="","",NORMALIZED!E10) | F10: =IF(A10="","",NORMALIZED!J10) | G10: =IF(A10="","",NORMALIZED!K10) | H10: =IF(A10="","",NORMALIZED!L10) | I10: =IF(A10="","",(F10*G10)/MAX(1,H10)) | J10: =IF(A10="","",NORMALIZED!M10) | K10: =IF(A10="","",NORMALIZED!N10) | L10: =IF(A10="","",NORMALIZED!O10) | M10: =IF(A10="","",NORMALIZED!P10) | N10: =IF(A10="","",(J10+K10+L10)/MAX(1,M10)) | O10: =IF(A10="","",RISK_ENGINE!M10) | P10: =IF(A10="","",(60*I10)+(40*N10)-(0.5*O10)) | Q10: =IF(A10="","",RANK.EQ(P10,$P$4:$P$200,0)) | R10: =IF(A10="","",NORMALIZED!Q10) | S10: =IF(A10="","","Owner: "&D10&" | "&NORMALIZED!T10)
A11: =IFERROR(NORMALIZED!A11,"") | B11: =IF(A11="","",NORMALIZED!B11) | C11: =IF(A11="","",NORMALIZED!C11) | D11: =IF(A11="","",NORMALIZED!F11) | E11: =IF(A11="","",NORMALIZED!E11) | F11: =IF(A11="","",NORMALIZED!J11) | G11: =IF(A11="","",NORMALIZED!K11) | H11: =IF(A11="","",NORMALIZED!L11) | I11: =IF(A11="","",(F11*G11)/MAX(1,H11)) | J11: =IF(A11="","",NORMALIZED!M11) | K11: =IF(A11="","",NORMALIZED!N11) | L11: =IF(A11="","",NORMALIZED!O11) | M11: =IF(A11="","",NORMALIZED!P11) | N11: =IF(A11="","",(J11+K11+L11)/MAX(1,M11)) | O11: =IF(A11="","",RISK_ENGINE!M11) | P11: =IF(A11="","",(60*I11)+(40*N11)-(0.5*O11)) | Q11: =IF(A11="","",RANK.EQ(P11,$P$4:$P$200,0)) | R11: =IF(A11="","",NORMALIZED!Q11) | S11: =IF(A11="","","Owner: "&D11&" | "&NORMALIZED!T11)
A12: =IFERROR(NORMALIZED!A12,"") | B12: =IF(A12="","",NORMALIZED!B12) | C12: =IF(A12="","",NORMALIZED!C12) | D12: =IF(A12="","",NORMALIZED!F12) | E12: =IF(A12="","",NORMALIZED!E12) | F12: =IF(A12="","",NORMALIZED!J12) | G12: =IF(A12="","",NORMALIZED!K12) | H12: =IF(A12="","",NORMALIZED!L12) | I12: =IF(A12="","",(F12*G12)/MAX(1,H12)) | J12: =IF(A12="","",NORMALIZED!M12) | K12: =IF(A12="","",NORMALIZED!N12) | L12: =IF(A12="","",NORMALIZED!O12) | M12: =IF(A12="","",NORMALIZED!P12) | N12: =IF(A12="","",(J12+K12+L12)/MAX(1,M12)) | O12: =IF(A12="","",RISK_ENGINE!M12) | P12: =IF(A12="","",(60*I12)+(40*N12)-(0.5*O12)) | Q12: =IF(A12="","",RANK.EQ(P12,$P$4:$P$200,0)) | R12: =IF(A12="","",NORMALIZED!Q12) | S12: =IF(A12="","","Owner: "&D12&" | "&NORMALIZED!T12)
A13: =IFERROR(NORMALIZED!A13,"") | B13: =IF(A13="","",NORMALIZED!B13) | C13: =IF(A13="","",NORMALIZED!C13) | D13: =IF(A13="","",NORMALIZED!F13) | E13: =IF(A13="","",NORMALIZED!E13) | F13: =IF(A13="","",NORMALIZED!J13) | G13: =IF(A13="","",NORMALIZED!K13) | H13: =IF(A13="","",NORMALIZED!L13) | I13: =IF(A13="","",(F13*G13)/MAX(1,H13)) | J13: =IF(A13="","",NORMALIZED!M13) | K13: =IF(A13="","",NORMALIZED!N13) | L13: =IF(A13="","",NORMALIZED!O13) | M13: =IF(A13="","",NORMALIZED!P13) | N13: =IF(A13="","",(J13+K13+L13)/MAX(1,M13)) | O13: =IF(A13="","",RISK_ENGINE!M13) | P13: =IF(A13="","",(60*I13)+(40*N13)-(0.5*O13)) | Q13: =IF(A13="","",RANK.EQ(P13,$P$4:$P$200,0)) | R13: =IF(A13="","",NORMALIZED!Q13) | S13: =IF(A13="","","Owner: "&D13&" | "&NORMALIZED!T13)
A14: =IFERROR(NORMALIZED!A14,"") | B14: =IF(A14="","",NORMALIZED!B14) | C14: =IF(A14="","",NORMALIZED!C14) | D14: =IF(A14="","",NORMALIZED!F14) | E14: =IF(A14="","",NORMALIZED!E14) | F14: =IF(A14="","",NORMALIZED!J14) | G14: =IF(A14="","",NORMALIZED!K14) | H14: =IF(A14="","",NORMALIZED!L14) | I14: =IF(A14="","",(F14*G14)/MAX(1,H14)) | J14: =IF(A14="","",NORMALIZED!M14) | K14: =IF(A14="","",NORMALIZED!N14) | L14: =IF(A14="","",NORMALIZED!O14) | M14: =IF(A14="","",NORMALIZED!P14) | N14: =IF(A14="","",(J14+K14+L14)/MAX(1,M14)) | O14: =IF(A14="","",RISK_ENGINE!M14) | P14: =IF(A14="","",(60*I14)+(40*N14)-(0.5*O14)) | Q14: =IF(A14="","",RANK.EQ(P14,$P$4:$P$200,0)) | R14: =IF(A14="","",NORMALIZED!Q14) | S14: =IF(A14="","","Owner: "&D14&" | "&NORMALIZED!T14)
A15: =IFERROR(NORMALIZED!A15,"") | B15: =IF(A15="","",NORMALIZED!B15) | C15: =IF(A15="","",NORMALIZED!C15) | D15: =IF(A15="","",NORMALIZED!F15) | E15: =IF(A15="","",NORMALIZED!E15) | F15: =IF(A15="","",NORMALIZED!J15) | G15: =IF(A15="","",NORMALIZED!K15) | H15: =IF(A15="","",NORMALIZED!L15) | I15: =IF(A15="","",(F15*G15)/MAX(1,H15)) | J15: =IF(A15="","",NORMALIZED!M15) | K15: =IF(A15="","",NORMALIZED!N15) | L15: =IF(A15="","",NORMALIZED!O15) | M15: =IF(A15="","",NORMALIZED!P15) | N15: =IF(A15="","",(J15+K15+L15)/MAX(1,M15)) | O15: =IF(A15="","",RISK_ENGINE!M15) | P15: =IF(A15="","",(60*I15)+(40*N15)-(0.5*O15)) | Q15: =IF(A15="","",RANK.EQ(P15,$P$4:$P$200,0)) | R15: =IF(A15="","",NORMALIZED!Q15) | S15: =IF(A15="","","Owner: "&D15&" | "&NORMALIZED!T15)
... A60: =IFERROR(NORMALIZED!A60,"") | B60: =IF(A60="","",NORMALIZED!B60) | C60: =IF(A60="","",NORMALIZED!C60) | D60: =IF(A60="","",NORMALIZED!F60) | E60: =IF(A60="","",NORMALIZED!E60) | F60: =IF(A60="","",NORMALIZED!J60) | G60: =IF(A60="","",NORMALIZED!K60) | H60: =IF(A60="","",NORMALIZED!L60) | I60: =IF(A60="","",(F60*G60)/MAX(1,H60)) | J60: =IF(A60="","",NORMALIZED!M60) | K60: =IF(A60="","",NORMALIZED!N60) | L60: =IF(A60="","",NORMALIZED!O60) | M60: =IF(A60="","",NORMALIZED!P60) | N60: =IF(A60="","",(J60+K60+L60)/MAX(1,M60)) | O60: =IF(A60="","",RISK_ENGINE!M60) | P60: =IF(A60="","",(60*I60)+(40*N60)-(0.5*O60)) | Q60: =IF(A60="","",RANK.EQ(P60,$P$4:$P$200,0)) | R60: =IF(A60="","",NORMALIZED!Q60) | S60: =IF(A60="","","Owner: "&D60&" | "&NORMALIZED!T60)

Sheet CAPACITY_PLAN
A1: CAPACITY_PLAN — Role capacity vs demand
A3: Role | B3: Weekly_Capacity_FTE | C3: Committed_FTE | D3: Available_FTE | E3: Overload_Flag
A4: PM | B4: 3 | C4: 0 | D4: =B4-C4 | E4: =IF(D4<0,"OVERLOAD","OK")
A5: Data | B5: 2 | C5: 0 | D5: =B5-C5 | E5: =IF(D5<0,"OVERLOAD","OK")
A6: Engineering | B6: 4 | C6: 0 | D6: =B6-C6 | E6: =IF(D6<0,"OVERLOAD","OK")
A7: Ops | B7: 2 | C7: 0 | D7: =B7-C7 | E7: =IF(D7<0,"OVERLOAD","OK")
A8: Finance | B8: 1 | C8: 0 | D8: =B8-C8 | E8: =IF(D8<0,"OVERLOAD","OK")
A10: Cómo usar
A11: Carga FTE por iniciativa (ej.: demand 0.3 Data, 0.5 Eng) se consolida en Committed_FTE. Este template deja el campo editable.

Sheet COMMITTEE_PACK
A1: COMMITTEE_PACK — Weekly exec pack (auto tables + narrative)
A3: Top prioridades (por Priority_Score)
A4: Rank | B4: Initiative_ID | C4: Name | D4: Owner | E4: Status | F4: Priority_Score | G4: Risk (RAG) | H4: Decision required | I4: Primary blocker | J4: Next action
A5: 1 | B5: =IFERROR(INDEX(PRIORITIZATION!$A$4:$A$200, MATCH(A5, PRIORITIZATION!$Q$4:$Q$200,0)),"") | C5: =IF(B5="","",VLOOKUP(B5,PRIORITIZATION!$A:$S,2,FALSE)) | D5: =IF(B5="","",VLOOKUP(B5,PRIORITIZATION!$A:$S,4,FALSE)) | E5: =IF(B5="","",VLOOKUP(B5,PRIORITIZATION!$A:$S,5,FALSE)) | F5: =IF(B5="","",VLOOKUP(B5,PRIORITIZATION!$A:$S,16,FALSE)) | G5: =IF(B5="","",VLOOKUP(B5,RISK_ENGINE!$A:$N,14,FALSE)) | H5: =IF(B5="","",VLOOKUP(B5,PRIORITIZATION!$A:$S,18,FALSE)) | I5: =IF(B5="","",VLOOKUP(B5,NORMALIZED!$A:$T,18,FALSE)) | J5: =IF(B5="","",VLOOKUP(B5,PRIORITIZATION!$A:$S,19,FALSE))
A6: 2 | B6: =IFERROR(INDEX(PRIORITIZATION!$A$4:$A$200, MATCH(A6, PRIORITIZATION!$Q$4:$Q$200,0)),"") | C6: =IF(B6="","",VLOOKUP(B6,PRIORITIZATION!$A:$S,2,FALSE)) | D6: =IF(B6="","",VLOOKUP(B6,PRIORITIZATION!$A:$S,4,FALSE)) | E6: =IF(B6="","",VLOOKUP(B6,PRIORITIZATION!$A:$S,5,FALSE)) | F6: =IF(B6="","",VLOOKUP(B6,PRIORITIZATION!$A:$S,16,FALSE)) | G6: =IF(B6="","",VLOOKUP(B6,RISK_ENGINE!$A:$N,14,FALSE)) | H6: =IF(B6="","",VLOOKUP(B6,PRIORITIZATION!$A:$S,18,FALSE)) | I6: =IF(B6="","",VLOOKUP(B6,NORMALIZED!$A:$T,18,FALSE)) | J6: =IF(B6="","",VLOOKUP(B6,PRIORITIZATION!$A:$S,19,FALSE))
A7: 3 | B7: =IFERROR(INDEX(PRIORITIZATION!$A$4:$A$200, MATCH(A7, PRIORITIZATION!$Q$4:$Q$200,0)),"") | C7: =IF(B7="","",VLOOKUP(B7,PRIORITIZATION!$A:$S,2,FALSE)) | D7: =IF(B7="","",VLOOKUP(B7,PRIORITIZATION!$A:$S,4,FALSE)) | E7: =IF(B7="","",VLOOKUP(B7,PRIORITIZATION!$A:$S,5,FALSE)) | F7: =IF(B7="","",VLOOKUP(B7,PRIORITIZATION!$A:$S,16,FALSE)) | G7: =IF(B7="","",VLOOKUP(B7,RISK_ENGINE!$A:$N,14,FALSE)) | H7: =IF(B7="","",VLOOKUP(B7,PRIORITIZATION!$A:$S,18,FALSE)) | I7: =IF(B7="","",VLOOKUP(B7,NORMALIZED!$A:$T,18,FALSE)) | J7: =IF(B7="","",VLOOKUP(B7,PRIORITIZATION!$A:$S,19,FALSE))
A8: 4 | B8: =IFERROR(INDEX(PRIORITIZATION!$A$4:$A$200, MATCH(A8, PRIORITIZATION!$Q$4:$Q$200,0)),"") | C8: =IF(B8="","",VLOOKUP(B8,PRIORITIZATION!$A:$S,2,FALSE)) | D8: =IF(B8="","",VLOOKUP(B8,PRIORITIZATION!$A:$S,4,FALSE)) | E8: =IF(B8="","",VLOOKUP(B8,PRIORITIZATION!$A:$S,5,FALSE)) | F8: =IF(B8="","",VLOOKUP(B8,PRIORITIZATION!$A:$S,16,FALSE)) | G8: =IF(B8="","",VLOOKUP(B8,RISK_ENGINE!$A:$N,14,FALSE)) | H8: =IF(B8="","",VLOOKUP(B8,PRIORITIZATION!$A:$S,18,FALSE)) | I8: =IF(B8="","",VLOOKUP(B8,NORMALIZED!$A:$T,18,FALSE)) | J8: =IF(B8="","",VLOOKUP(B8,PRIORITIZATION!$A:$S,19,FALSE))
A9: 5 | B9: =IFERROR(INDEX(PRIORITIZATION!$A$4:$A$200, MATCH(A9, PRIORITIZATION!$Q$4:$Q$200,0)),"") | C9: =IF(B9="","",VLOOKUP(B9,PRIORITIZATION!$A:$S,2,FALSE)) | D9: =IF(B9="","",VLOOKUP(B9,PRIORITIZATION!$A:$S,4,FALSE)) | E9: =IF(B9="","",VLOOKUP(B9,PRIORITIZATION!$A:$S,5,FALSE)) | F9: =IF(B9="","",VLOOKUP(B9,PRIORITIZATION!$A:$S,16,FALSE)) | G9: =IF(B9="","",VLOOKUP(B9,RISK_ENGINE!$A:$N,14,FALSE)) | H9: =IF(B9="","",VLOOKUP(B9,PRIORITIZATION!$A:$S,18,FALSE)) | I9: =IF(B9="","",VLOOKUP(B9,NORMALIZED!$A:$T,18,FALSE)) | J9: =IF(B9="","",VLOOKUP(B9,PRIORITIZATION!$A:$S,19,FALSE))
A10: 6 | B10: =IFERROR(INDEX(PRIORITIZATION!$A$4:$A$200, MATCH(A10, PRIORITIZATION!$Q$4:$Q$200,0)),"") | C10: =IF(B10="","",VLOOKUP(B10,PRIORITIZATION!$A:$S,2,FALSE)) | D10: =IF(B10="","",VLOOKUP(B10,PRIORITIZATION!$A:$S,4,FALSE)) | E10: =IF(B10="","",VLOOKUP(B10,PRIORITIZATION!$A:$S,5,FALSE)) | F10: =IF(B10="","",VLOOKUP(B10,PRIORITIZATION!$A:$S,16,FALSE)) | G10: =IF(B10="","",VLOOKUP(B10,RISK_ENGINE!$A:$N,14,FALSE)) | H10: =IF(B10="","",VLOOKUP(B10,PRIORITIZATION!$A:$S,18,FALSE)) | I10: =IF(B10="","",VLOOKUP(B10,NORMALIZED!$A:$T,18,FALSE)) | J10: =IF(B10="","",VLOOKUP(B10,PRIORITIZATION!$A:$S,19,FALSE))
A11: 7 | B11: =IFERROR(INDEX(PRIORITIZATION!$A$4:$A$200, MATCH(A11, PRIORITIZATION!$Q$4:$Q$200,0)),"") | C11: =IF(B11="","",VLOOKUP(B11,PRIORITIZATION!$A:$S,2,FALSE)) | D11: =IF(B11="","",VLOOKUP(B11,PRIORITIZATION!$A:$S,4,FALSE)) | E11: =IF(B11="","",VLOOKUP(B11,PRIORITIZATION!$A:$S,5,FALSE)) | F11: =IF(B11="","",VLOOKUP(B11,PRIORITIZATION!$A:$S,16,FALSE)) | G11: =IF(B11="","",VLOOKUP(B11,RISK_ENGINE!$A:$N,14,FALSE)) | H11: =IF(B11="","",VLOOKUP(B11,PRIORITIZATION!$A:$S,18,FALSE)) | I11: =IF(B11="","",VLOOKUP(B11,NORMALIZED!$A:$T,18,FALSE)) | J11: =IF(B11="","",VLOOKUP(B11,PRIORITIZATION!$A:$S,19,FALSE))
A12: 8 | B12: =IFERROR(INDEX(PRIORITIZATION!$A$4:$A$200, MATCH(A12, PRIORITIZATION!$Q$4:$Q$200,0)),"") | C12: =IF(B12="","",VLOOKUP(B12,PRIORITIZATION!$A:$S,2,FALSE)) | D12: =IF(B12="","",VLOOKUP(B12,PRIORITIZATION!$A:$S,4,FALSE)) | E12: =IF(B12="","",VLOOKUP(B12,PRIORITIZATION!$A:$S,5,FALSE)) | F12: =IF(B12="","",VLOOKUP(B12,PRIORITIZATION!$A:$S,16,FALSE)) | G12: =IF(B12="","",VLOOKUP(B12,RISK_ENGINE!$A:$N,14,FALSE)) | H12: =IF(B12="","",VLOOKUP(B12,PRIORITIZATION!$A:$S,18,FALSE)) | I12: =IF(B12="","",VLOOKUP(B12,NORMALIZED!$A:$T,18,FALSE)) | J12: =IF(B12="","",VLOOKUP(B12,PRIORITIZATION!$A:$S,19,FALSE))
A13: 9 | B13: =IFERROR(INDEX(PRIORITIZATION!$A$4:$A$200, MATCH(A13, PRIORITIZATION!$Q$4:$Q$200,0)),"") | C13: =IF(B13="","",VLOOKUP(B13,PRIORITIZATION!$A:$S,2,FALSE)) | D13: =IF(B13="","",VLOOKUP(B13,PRIORITIZATION!$A:$S,4,FALSE)) | E13: =IF(B13="","",VLOOKUP(B13,PRIORITIZATION!$A:$S,5,FALSE)) | F13: =IF(B13="","",VLOOKUP(B13,PRIORITIZATION!$A:$S,16,FALSE)) | G13: =IF(B13="","",VLOOKUP(B13,RISK_ENGINE!$A:$N,14,FALSE)) | H13: =IF(B13="","",VLOOKUP(B13,PRIORITIZATION!$A:$S,18,FALSE)) | I13: =IF(B13="","",VLOOKUP(B13,NORMALIZED!$A:$T,18,FALSE)) | J13: =IF(B13="","",VLOOKUP(B13,PRIORITIZATION!$A:$S,19,FALSE))
A14: 10 | B14: =IFERROR(INDEX(PRIORITIZATION!$A$4:$A$200, MATCH(A14, PRIORITIZATION!$Q$4:$Q$200,0)),"") | C14: =IF(B14="","",VLOOKUP(B14,PRIORITIZATION!$A:$S,2,FALSE)) | D14: =IF(B14="","",VLOOKUP(B14,PRIORITIZATION!$A:$S,4,FALSE)) | E14: =IF(B14="","",VLOOKUP(B14,PRIORITIZATION!$A:$S,5,FALSE)) | F14: =IF(B14="","",VLOOKUP(B14,PRIORITIZATION!$A:$S,16,FALSE)) | G14: =IF(B14="","",VLOOKUP(B14,RISK_ENGINE!$A:$N,14,FALSE)) | H14: =IF(B14="","",VLOOKUP(B14,PRIORITIZATION!$A:$S,18,FALSE)) | I14: =IF(B14="","",VLOOKUP(B14,NORMALIZED!$A:$T,18,FALSE)) | J14: =IF(B14="","",VLOOKUP(B14,PRIORITIZATION!$A:$S,19,FALSE))
A15: 11 | B15: =IFERROR(INDEX(PRIORITIZATION!$A$4:$A$200, MATCH(A15, PRIORITIZATION!$Q$4:$Q$200,0)),"") | C15: =IF(B15="","",VLOOKUP(B15,PRIORITIZATION!$A:$S,2,FALSE)) | D15: =IF(B15="","",VLOOKUP(B15,PRIORITIZATION!$A:$S,4,FALSE)) | E15: =IF(B15="","",VLOOKUP(B15,PRIORITIZATION!$A:$S,5,FALSE)) | F15: =IF(B15="","",VLOOKUP(B15,PRIORITIZATION!$A:$S,16,FALSE)) | G15: =IF(B15="","",VLOOKUP(B15,RISK_ENGINE!$A:$N,14,FALSE)) | H15: =IF(B15="","",VLOOKUP(B15,PRIORITIZATION!$A:$S,18,FALSE)) | I15: =IF(B15="","",VLOOKUP(B15,NORMALIZED!$A:$T,18,FALSE)) | J15: =IF(B15="","",VLOOKUP(B15,PRIORITIZATION!$A:$S,19,FALSE))
A16: 12 | B16: =IFERROR(INDEX(PRIORITIZATION!$A$4:$A$200, MATCH(A16, PRIORITIZATION!$Q$4:$Q$200,0)),"") | C16: =IF(B16="","",VLOOKUP(B16,PRIORITIZATION!$A:$S,2,FALSE)) | D16: =IF(B16="","",VLOOKUP(B16,PRIORITIZATION!$A:$S,4,FALSE)) | E16: =IF(B16="","",VLOOKUP(B16,PRIORITIZATION!$A:$S,5,FALSE)) | F16: =IF(B16="","",VLOOKUP(B16,PRIORITIZATION!$A:$S,16,FALSE)) | G16: =IF(B16="","",VLOOKUP(B16,RISK_ENGINE!$A:$N,14,FALSE)) | H16: =IF(B16="","",VLOOKUP(B16,PRIORITIZATION!$A:$S,18,FALSE)) | I16: =IF(B16="","",VLOOKUP(B16,NORMALIZED!$A:$T,18,FALSE)) | J16: =IF(B16="","",VLOOKUP(B16,PRIORITIZATION!$A:$S,19,FALSE))
... A24: 20 | B24: =IFERROR(INDEX(PRIORITIZATION!$A$4:$A$200, MATCH(A24, PRIORITIZATION!$Q$4:$Q$200,0)),"") | C24: =IF(B24="","",VLOOKUP(B24,PRIORITIZATION!$A:$S,2,FALSE)) | D24: =IF(B24="","",VLOOKUP(B24,PRIORITIZATION!$A:$S,4,FALSE)) | E24: =IF(B24="","",VLOOKUP(B24,PRIORITIZATION!$A:$S,5,FALSE)) | F24: =IF(B24="","",VLOOKUP(B24,PRIORITIZATION!$A:$S,16,FALSE)) | G24: =IF(B24="","",VLOOKUP(B24,RISK_ENGINE!$A:$N,14,FALSE)) | H24: =IF(B24="","",VLOOKUP(B24,PRIORITIZATION!$A:$S,18,FALSE)) | I24: =IF(B24="","",VLOOKUP(B24,NORMALIZED!$A:$T,18,FALSE)) | J24: =IF(B24="","",VLOOKUP(B24,PRIORITIZATION!$A:$S,19,FALSE))
A27: Iniciativas en riesgo (RAG=RED o AMBER)
A28: Initiative_ID | B28: Name | C28: Owner | D28: Risk_Score | E28: RAG | F28: Why (signals)
A29: =IFERROR(RISK_ENGINE!A4,"") | B29: =IF(A29="","",RISK_ENGINE!B4) | C29: =IF(A29="","",RISK_ENGINE!C4) | D29: =IF(A29="","",RISK_ENGINE!M4) | E29: =IF(A29="","",RISK_ENGINE!N4) | F29: =IF(A29="","",NORMALIZED!T4)
A30: =IFERROR(RISK_ENGINE!A5,"") | B30: =IF(A30="","",RISK_ENGINE!B5) | C30: =IF(A30="","",RISK_ENGINE!C5) | D30: =IF(A30="","",RISK_ENGINE!M5) | E30: =IF(A30="","",RISK_ENGINE!N5) | F30: =IF(A30="","",NORMALIZED!T5)
A31: =IFERROR(RISK_ENGINE!A6,"") | B31: =IF(A31="","",RISK_ENGINE!B6) | C31: =IF(A31="","",RISK_ENGINE!C6) | D31: =IF(A31="","",RISK_ENGINE!M6) | E31: =IF(A31="","",RISK_ENGINE!N6) | F31: =IF(A31="","",NORMALIZED!T6)
A32: =IFERROR(RISK_ENGINE!A7,"") | B32: =IF(A32="","",RISK_ENGINE!B7) | C32: =IF(A32="","",RISK_ENGINE!C7) | D32: =IF(A32="","",RISK_ENGINE!M7) | E32: =IF(A32="","",RISK_ENGINE!N7) | F32: =IF(A32="","",NORMALIZED!T7)
A33: =IFERROR(RISK_ENGINE!A8,"") | B33: =IF(A33="","",RISK_ENGINE!B8) | C33: =IF(A33="","",RISK_ENGINE!C8) | D33: =IF(A33="","",RISK_ENGINE!M8) | E33: =IF(A33="","",RISK_ENGINE!N8) | F33: =IF(A33="","",NORMALIZED!T8)
A34: =IFERROR(RISK_ENGINE!A9,"") | B34: =IF(A34="","",RISK_ENGINE!B9) | C34: =IF(A34="","",RISK_ENGINE!C9) | D34: =IF(A34="","",RISK_ENGINE!M9) | E34: =IF(A34="","",RISK_ENGINE!N9) | F34: =IF(A34="","",NORMALIZED!T9)
A35: =IFERROR(RISK_ENGINE!A10,"") | B35: =IF(A35="","",RISK_ENGINE!B10) | C35: =IF(A35="","",RISK_ENGINE!C10) | D35: =IF(A35="","",RISK_ENGINE!M10) | E35: =IF(A35="","",RISK_ENGINE!N10) | F35: =IF(A35="","",NORMALIZED!T10)
A36: =IFERROR(RISK_ENGINE!A11,"") | B36: =IF(A36="","",RISK_ENGINE!B11) | C36: =IF(A36="","",RISK_ENGINE!C11) | D36: =IF(A36="","",RISK_ENGINE!M11) | E36: =IF(A36="","",RISK_ENGINE!N11) | F36: =IF(A36="","",NORMALIZED!T11)
A37: =IFERROR(RISK_ENGINE!A12,"") | B37: =IF(A37="","",RISK_ENGINE!B12) | C37: =IF(A37="","",RISK_ENGINE!C12) | D37: =IF(A37="","",RISK_ENGINE!M12) | E37: =IF(A37="","",RISK_ENGINE!N12) | F37: =IF(A37="","",NORMALIZED!T12)
A38: =IFERROR(RISK_ENGINE!A13,"") | B38: =IF(A38="","",RISK_ENGINE!B13) | C38: =IF(A38="","",RISK_ENGINE!C13) | D38: =IF(A38="","",RISK_ENGINE!M13) | E38: =IF(A38="","",RISK_ENGINE!N13) | F38: =IF(A38="","",NORMALIZED!T13)
A39: =IFERROR(RISK_ENGINE!A14,"") | B39: =IF(A39="","",RISK_ENGINE!B14) | C39: =IF(A39="","",RISK_ENGINE!C14) | D39: =IF(A39="","",RISK_ENGINE!M14) | E39: =IF(A39="","",RISK_ENGINE!N14) | F39: =IF(A39="","",NORMALIZED!T14)
A40: =IFERROR(RISK_ENGINE!A15,"") | B40: =IF(A40="","",RISK_ENGINE!B15) | C40: =IF(A40="","",RISK_ENGINE!C15) | D40: =IF(A40="","",RISK_ENGINE!M15) | E40: =IF(A40="","",RISK_ENGINE!N15) | F40: =IF(A40="","",NORMALIZED!T15)
... A44: =IFERROR(RISK_ENGINE!A19,"") | B44: =IF(A44="","",RISK_ENGINE!B19) | C44: =IF(A44="","",RISK_ENGINE!C19) | D44: =IF(A44="","",RISK_ENGINE!M19) | E44: =IF(A44="","",RISK_ENGINE!N19) | F44: =IF(A44="","",NORMALIZED!T19)

Sheet CHANGELOG
A1: CHANGELOG — Update log + audit trail
A3: Date | B3: Initiative_ID | C3: Owner | D3: Update_Summary | E3: Decision? | F3: Source
A4: 2026-02-20 | B4: INIT-001 | C4: PM 1 | D4: Bloqueado por dependencia de Data. Necesita decisión de prioridad y recursos. | E4: YES | F4: Jira
A5: 2026-02-20 | B5: INIT-003 | C5: PM 2 | D5: Avance 70%. Riesgo: proveedor atrasado 2 semanas. Mitigación propuesta. | E5: NO | F5: Email
A6: 2026-02-19 | B6: INIT-002 | C6: PM 3 | D6: Scope cambió. Estimación sube +15%. Se requiere aprobación de comité. | E6: YES | F6: Asana

Sheet PROMPT_PACK
A1: PROMPT_PACK — Copy/paste prompts for AI summaries
A3: Prompts listos (pegar en ChatGPT)
A4: Resumen ejecutivo semanal | B4: Actúa como PMO/Product Ops. Con los updates del INBOX (texto), genera: 1) Top 10 iniciativas por impacto, 2) Iniciativas en riesgo (RAG), 3) Decisiones requeridas (con opciones), 4) Próximas acciones y dueños. Mantén nombres anonimizados.
A6: Risk register automático | B6: Con los updates, construye un risk register: riesgo, severidad (1-5), probabilidad (1-5), score, mitigación, owner, fecha. Identifica dependencias y riesgos por proveedor/data.
A8: Email a stakeholders | B8: Redacta un correo ejecutivo de 10 líneas para stakeholders: estado, logros, riesgos, decisiones requeridas y próximos hitos. Tono directo y de gestión.
A10: Notas de comité (1 slide) | B10: Genera contenido para 1 slide: 'Estado portafolio', 'Top prioridades', 'Riesgos', 'Decisiones'. Incluye bullets cortos y números cuando existan.

Sheet DASHBOARD
A1: DASHBOARD — Management view
A3: Resumen de portafolio
A4: KPI | B4: Value | D4: RAG | E4: Count
A5: Total iniciativas | B5: =COUNTA(NORMALIZED!A4:A200) | D5: GREEN | E5: =COUNTIF(RISK_ENGINE!N4:N200,"GREEN")
A6: En riesgo (RED) | B6: =COUNTIF(RISK_ENGINE!N4:N200,"RED") | D6: AMBER | E6: =COUNTIF(RISK_ENGINE!N4:N200,"AMBER")
A7: En riesgo (AMBER) | B7: =COUNTIF(RISK_ENGINE!N4:N200,"AMBER") | D7: RED | E7: =COUNTIF(RISK_ENGINE!N4:N200,"RED")
A8: Bloqueadas | B8: =SUM(INBOX!K4:K200)
A9: Decisiones requeridas | B9: =COUNTIF(INBOX!I4:I200,"YES")
